claud,123,Claudia,Soria,19/10/1998,cjsoria@gmail.com
nico,123,Nicole,Avendaño,02/01/2000,nico@gmail.com
dani,234,Daniela,Valderrama,03/04/1997,dani@gmail.com
julio,234,Julio,Serrano,19/04/1997,julio@gmail.com
user,user,User,User,02/05/2020,user@gmail.com
